{
  "version": 1,
  "author": "10221018 Fatimah Azzahra",
  "editor": "wokwi",
  "parts": [
    { "type": "wokwi-breadboard", "id": "bb1", "top": -60.6, "left": -208.4, "attrs": {} },
    { "type": "wokwi-arduino-uno", "id": "uno", "top": -57, "left": -557.4, "attrs": {} },
    {
      "type": "wokwi-lcd1602",
      "id": "lcd1",
      "top": -204.8,
      "left": -157.6,
      "attrs": { "pins": "i2c" }
    },
    {
      "type": "wokwi-buzzer",
      "id": "bz1",
      "top": -26.4,
      "left": 49.8,
      "attrs": { "volume": "0.1" }
    },
    {
      "type": "wokwi-led",
      "id": "led1",
      "top": 15.6,
      "left": -53.8,
      "attrs": { "color": "green" }
    },
    {
      "type": "wokwi-led",
      "id": "led3",
      "top": 15.6,
      "left": -111.4,
      "attrs": { "color": "red" }
    },
    {
      "type": "wokwi-resistor",
      "id": "r1",
      "top": 89.8,
      "left": -125.65,
      "rotate": 270,
      "attrs": { "value": "220" }
    },
    {
      "type": "wokwi-resistor",
      "id": "r2",
      "top": 89.8,
      "left": -68.05,
      "rotate": 270,
      "attrs": { "value": "220" }
    },
    {
      "type": "wokwi-pir-motion-sensor",
      "id": "pir1",
      "top": -341.6,
      "left": 213.42,
      "attrs": {}
    },
    {
      "type": "wokwi-pir-motion-sensor",
      "id": "pir2",
      "top": -341.6,
      "left": 319.02,
      "attrs": {}
    }
  ],
  "connections": [
    [ "bz1:1", "bb1:28b.f", "", [ "$bb" ] ],
    [ "bz1:2", "bb1:29b.f", "", [ "$bb" ] ],
    [ "r1:1", "bb1:bp.7", "", [ "$bb" ] ],
    [ "r1:2", "bb1:10b.g", "", [ "$bb" ] ],
    [ "r2:1", "bb1:bp.12", "", [ "$bb" ] ],
    [ "r2:2", "bb1:16b.g", "", [ "$bb" ] ],
    [ "uno:5V", "bb1:bn.35", "red", [ "v134.3", "h627.8" ] ],
    [ "uno:GND.2", "bb1:bp.34", "black", [ "v124.7", "h599.1" ] ],
    [ "bz1:1", "bb1:bp.22", "green", [ "v0" ] ],
    [ "uno:A5", "lcd1:SCL", "green", [ "v0" ] ],
    [ "uno:A4", "lcd1:SDA", "green", [ "v0" ] ],
    [ "pir1:VCC", "bb1:bn.37", "red", [ "v0" ] ],
    [ "pir1:GND", "bb1:bp.39", "black", [ "v0" ] ],
    [ "pir2:VCC", "bb1:bn.46", "red", [ "v0" ] ],
    [ "uno:8", "pir1:OUT", "blue", [ "v-182.4", "h106" ] ],
    [ "uno:9", "pir2:OUT", "purple", [ "v-172.8", "h759.2" ] ],
    [ "uno:A0", "bb1:29b.g", "gold", [ "v57.5", "h435.8" ] ],
    [ "uno:A2", "bb1:17b.g", "green", [ "v19.1", "h301.6" ] ],
    [ "led3:A", "bb1:11b.f", "", [ "$bb" ] ],
    [ "led3:C", "bb1:10b.f", "", [ "$bb" ] ],
    [ "led1:A", "bb1:17b.f", "", [ "$bb" ] ],
    [ "led1:C", "bb1:16b.f", "", [ "$bb" ] ],
    [ "uno:A1", "bb1:11b.g", "red", [ "v38.3", "h253.5" ] ],
    [ "lcd1:VCC", "bb1:bn.1", "red", [ "h-57.6", "v297.7" ] ],
    [ "lcd1:GND", "bb1:bp.1", "black", [ "h-76.8", "v9.6" ] ],
    [ "pir2:GND", "bb1:bp.48", "black", [ "v0" ] ]
  ],
  "dependencies": {}
}